file,canonical,title,title_length,description,description_length,h1
"404.html","","Page Not Found | Parallax Data Lab","34","The requested Parallax Data Lab page was not found. Return home or use the site navigation to find analytics consulting resources.","130","That page is not available."
"about.html","https://parallaxdatalab.com/about/","About Parallax Data Lab | Cincinnati Analytics Consulting","57","Learn about Parallax Data Lab, a Cincinnati-based analytics consulting practice focused on reporting overload, metric governance, intelligence, and decisions.","158","Analytics consulting for teams that need clarity, not more dashboard volume."
"analytics-health-check.html","https://parallaxdatalab.com/analytics-health-check/","Analytics Health Check & Dashboard Trust Audit | Parallax Data Lab","66","Start with a free fit check, then diagnose dashboard trust, reporting overload, metric definitions, ownership gaps, and the clearest next step.","143","Start with a free Fit Check for dashboard trust and reporting overload."
"decision-system-reset.html","https://parallaxdatalab.com/decision-system-reset/","KPI Governance & Decision System Reset | Parallax Data Lab","58","Rebuild disputed metrics, reporting cadence, and executive decision workflows so leaders know which numbers matter, who owns them, and what action follows.","155","Turn disputed metrics and BI dashboards into decisions leaders can run."
"fractional-analytics.html","https://parallaxdatalab.com/fractional-analytics/","Fractional Analytics Leadership | Parallax Data Lab","51","Senior analytics consulting for metric governance, reporting standards, decision cadence, and data strategy without hiring full-time leadership yet.","148","Fractional analytics leadership for teams that need senior ownership."
"how-we-help.html","https://parallaxdatalab.com/how-we-help/","From Data Noise to Decision Clarity | Parallax Data Lab","55","See how Parallax helps teams diagnose reporting overload, clarify metric ownership, reduce dashboard sprawl, and turn scattered data into decisions.","148","Analytics consulting that turns data noise into decision clarity."
"index.html","https://parallaxdatalab.com/","Reporting Overload & Decision Intelligence | Parallax Data Lab","62","Analytics consulting for reporting overload and data noise. Turn messy signals into trusted metrics, operational digests, and clearer decisions.","144","Analytics consulting for reporting overload and decision intelligence."
"insights.html","https://parallaxdatalab.com/insights/","Analytics Insights for Reporting Overload | Parallax Data Lab","61","Articles on reporting overload, dashboard trust, KPI ownership, executive decision systems, AI readiness, operational intelligence, and analytics leadership.","157","Executive articles for leaders turning data noise into decision clarity."
"insights/ai-enablement-starts-with-trusted-business-data.html","https://parallaxdatalab.com/insights/ai-enablement-starts-with-trusted-business-data/","AI Enablement Needs Trusted Business Data | Parallax Data Lab","61","AI enablement needs trusted business data. Learn why metric governance, decision clarity, and clean reporting context matter before AI tools create value.","154","AI Enablement Needs Trusted Business Data"
"insights/analytics-maturity-roadmap-reporting-to-decision-systems.html","https://parallaxdatalab.com/insights/analytics-maturity-roadmap-reporting-to-decision-systems/","Analytics Maturity Roadmap | Parallax Data Lab","46","Use this analytics maturity roadmap to move from scattered reports and dashboard sprawl toward governed metrics and trusted decision systems.","141","Analytics Maturity Roadmap"
"insights/building-analytics-function-without-hiring-full-team.html","https://parallaxdatalab.com/insights/building-analytics-function-without-hiring-full-team/","Build Analytics Without a Full Team | Parallax Data Lab","55","Build an analytics function without hiring a full team by focusing on standards, metric ownership, decision cadence, and fractional leadership.","143","Build Analytics Without a Full Team"
"insights/building-executive-dashboards-that-create-accountability.html","https://parallaxdatalab.com/insights/building-executive-dashboards-that-create-accountability/","Executive Dashboards and Accountability | Parallax Data Lab","59","Build executive dashboards that create accountability by tying KPIs to owners, thresholds, commitments, operating cadence, and action paths.","140","Executive Dashboards and Accountability"
"insights/dashboard-problem-leadership-problem.html","https://parallaxdatalab.com/insights/dashboard-problem-leadership-problem/","When Dashboards Reveal Leadership Gaps | Parallax Data Lab","58","Learn why dashboard problems often come from unclear decisions, weak ownership, and leadership cadence gaps instead of visual design.","133","When Dashboards Reveal Leadership Gaps"
"insights/dashboards-to-predictive-risk-intelligence.html","https://parallaxdatalab.com/insights/dashboards-to-predictive-risk-intelligence/","Predictive Risk Intelligence | Parallax Data Lab","48","Move from dashboards to predictive risk intelligence by connecting trusted metrics, leading indicators, owners, and intervention workflows.","139","Predictive Risk Intelligence"
"insights/five-signs-your-reporting-environment-is-breaking-down.html","https://parallaxdatalab.com/insights/five-signs-your-reporting-environment-is-breaking-down/","Reporting Environment Breakdown: 5 Signs | Parallax Data Lab","60","Spot the signs of reporting environment breakdown before dashboard trust, leadership cadence, manual workarounds, and decision quality erode.","141","Reporting Environment Breakdown: 5 Signs"
"insights/governance-rls-architecture-business-issue.html","https://parallaxdatalab.com/insights/governance-rls-architecture-business-issue/","RLS Governance and Access Design | Parallax Data Lab","52","Learn why RLS governance and access design are business decisions that shape reporting trust, accountability, security, and scale.","130","RLS Governance and Access Design"
"insights/hidden-cost-of-reporting-misalignment.html","https://parallaxdatalab.com/insights/hidden-cost-of-reporting-misalignment/","Reporting Misalignment: Hidden Costs | Parallax Data Lab","56","See how reporting misalignment slows decisions, weakens accountability, duplicates analytics work, and creates hidden operating drag.","133","Reporting Misalignment: Hidden Costs"
"insights/how-to-build-metrics-people-actually-use.html","https://parallaxdatalab.com/insights/how-to-build-metrics-people-actually-use/","How to Build Metrics People Actually Use | Parallax Data Lab","60","Learn how to build metrics people actually use by connecting KPIs to decisions, owners, thresholds, and operating routines.","123","How to Build Metrics People Actually Use"
"insights/kpi-governance-explained-growing-organizations.html","https://parallaxdatalab.com/insights/kpi-governance-explained-growing-organizations/","KPI Governance for Growing Teams | Parallax Data Lab","52","KPI governance for growing teams: owners, definitions, decision cadence, metric changes, and practical rules that keep reporting useful.","136","KPI Governance for Growing Teams"
"insights/kpi-ownership-framework-every-leadership-team-needs.html","https://parallaxdatalab.com/insights/kpi-ownership-framework-every-leadership-team-needs/","KPI Ownership Framework for Leaders | Parallax Data Lab","55","Use a KPI ownership framework to assign accountable owners, contributors, definitions, thresholds, and decision cadence for leadership metrics.","143","KPI Ownership Framework for Leaders"
"insights/operations-intelligence-digest-for-leadership.html","https://parallaxdatalab.com/insights/operations-intelligence-digest-for-leadership/","Operations Intelligence Digest for Leaders | Parallax Data Lab","62","Learn how an Operations Intelligence Digest turns scattered data, risks, and operating signals into a focused weekly leadership brief.","134","Operations Intelligence Digest for Leaders"
"insights/prepare-reporting-environment-for-ai.html","https://parallaxdatalab.com/insights/prepare-reporting-environment-for-ai/","Prepare Reporting for AI | Parallax Data Lab","44","Prepare your reporting environment for AI with practical steps around data trust, metric definitions, lineage, permissions, and executive decision context.","155","Prepare Reporting for AI"
"insights/single-source-of-truth-myth.html","https://parallaxdatalab.com/insights/single-source-of-truth-myth/","Single Source of Truth: Why It Fails | Parallax Data Lab","56","Learn why single source of truth projects fail and how governed metric views can support finance, operations, and executive reporting.","134","Single Source of Truth: Why It Fails"
"insights/stop-measuring-everything-designing-executive-reporting-that-drives-action.html","https://parallaxdatalab.com/insights/stop-measuring-everything-designing-executive-reporting-that-drives-action/","Executive Reporting That Drives Action | Parallax Data Lab","58","Design executive reporting that cuts through data noise by narrowing metrics, clarifying owners, and aligning reports to leadership decisions.","142","Executive Reporting That Drives Action"
"insights/the-difference-between-reporting-and-decision-making.html","https://parallaxdatalab.com/insights/the-difference-between-reporting-and-decision-making/","Reporting vs Decision-Making | Parallax Data Lab","48","Understand the difference between reporting and decision-making, and how to turn dashboards into decision systems leaders actually use.","135","Reporting vs Decision-Making"
"insights/what-fractional-analytics-leadership-actually-means.html","https://parallaxdatalab.com/insights/what-fractional-analytics-leadership-actually-means/","Fractional Analytics Leadership Explained | Parallax Data Lab","61","Fractional analytics leadership explained: what it means, when it works, and how it helps teams improve reporting standards and decisions.","138","Fractional Analytics Leadership Explained"
"insights/what-should-be-included-in-weekly-business-review.html","https://parallaxdatalab.com/insights/what-should-be-included-in-weekly-business-review/","Weekly Business Review: What to Include | Parallax Data Lab","59","Learn what to include in a weekly business review so leadership meetings move beyond status updates into decisions, risks, and accountability.","142","Weekly Business Review: What to Include"
"insights/when-to-hire-head-of-analytics.html","https://parallaxdatalab.com/insights/when-to-hire-head-of-analytics/","When Is It Time to Hire a Head of Analytics? | Parallax Data Lab","64","Learn when growing companies should hire a Head of Analytics, and when fractional analytics leadership is the better next step.","127","When Is It Time to Hire a Head of Analytics?"
"insights/where-ai-actually-helps-in-analytics-operations.html","https://parallaxdatalab.com/insights/where-ai-actually-helps-in-analytics-operations/","Where AI Helps Analytics Operations | Parallax Data Lab","55","See where AI helps analytics operations: reporting triage, metric documentation, executive summaries, operating digests, and decision prep.","139","Where AI Helps Analytics Operations"
"insights/who-owns-this-metric-most-expensive-question-in-analytics.html","https://parallaxdatalab.com/insights/who-owns-this-metric-most-expensive-question-in-analytics/","Metric Ownership: Who Owns the KPI? | Parallax Data Lab","55","Learn how metric ownership closes one of the most expensive analytics gaps by assigning KPI accountability without creating bureaucracy.","136","Metric Ownership: Who Owns the KPI?"
"insights/why-data-teams-struggle-to-earn-trust.html","https://parallaxdatalab.com/insights/why-data-teams-struggle-to-earn-trust/","Why Data Teams Struggle to Earn Trust | Parallax Data Lab","57","Data teams struggle to earn trust when they are trapped in report queues, unclear priorities, and metric disputes. Learn how to fix it.","135","Why Data Teams Struggle to Earn Trust"
"insights/why-executive-dashboards-fail.html","https://parallaxdatalab.com/insights/why-executive-dashboards-fail/","Why Executive Dashboards Fail | Parallax Data Lab","49","Executive dashboards fail for predictable reasons: unclear audience, too many metrics, weak ownership, and no decision cadence.","127","Why Executive Dashboards Fail"
"insights/why-executive-teams-argue-about-numbers.html","https://parallaxdatalab.com/insights/why-executive-teams-argue-about-numbers/","Why Executive Teams Argue About Numbers | Parallax Data Lab","59","Executive teams argue about numbers when metrics lack shared definitions, ownership, and decision context. Learn how to stop the cycle.","135","Why Executive Teams Argue About Numbers"
"insights/why-nobody-trusts-your-dashboard.html","https://parallaxdatalab.com/insights/why-nobody-trusts-your-dashboard/","Why Nobody Trusts Your Dashboard | Parallax Data Lab","52","Learn why executives stop trusting dashboards, how reporting trust breaks, and what growing companies can do to rebuild confidence in metrics.","142","Why Nobody Trusts Your Dashboard"
"intelligence-lab.html","https://parallaxdatalab.com/intelligence-lab/","Weekly Operational Intelligence Digest & Advanced Analytics | Parallax Data Lab","79","Turn scattered operational signals into executive digests, governed intelligence layers, predictive risk frameworks, and weekly decision products.","146","Operational intelligence systems for leaders with too much data and not enough signal."
"our-offerings.html","https://parallaxdatalab.com/our-offerings/","Analytics Consulting Services & Engagement Paths | Parallax Data Lab","68","Compare fit checks, analytics health checks, decision system resets, fractional analytics leadership, and Intelligence Lab work for reporting overload.","151","Choose the right analytics consulting path for reporting overload, metric trust, and decision clarity."
"privacy-policy.html","https://parallaxdatalab.com/privacy-policy/","Privacy Policy | Parallax Data Lab","34","Privacy Policy for Parallax Data Lab, including website analytics, fit check form submissions, scheduling links, and contact information.","137","How Parallax Data Lab handles information collected through this site."
"thank-you.html","https://parallaxdatalab.com/thank-you/","Thank You | Parallax Data Lab","29","Thank you for contacting Parallax Data Lab. We will review your request and follow up with the clearest next step.","114","Thanks. We'll review your context and follow up with the clearest next step."
