"path","size"
"assets/home-generated/failure-scale-breaks-1600.webp","200214"
"assets/home-generated/help-situation-scale-foundation-1600.webp","191070"
"assets/home-generated/failure-duplicate-logic-1600.webp","183686"
"assets/home-generated/fractional-analytics-hero-1600.webp","166014"
"assets/home-generated/help-foundation-to-intelligence-advanced-1600.webp","156846"
"assets/home-generated/work-health-check-1600.webp","155008"
"assets/home-generated/help-process-build-guide-1600.webp","153896"
"assets/new2-1200.webp","153402"
"assets/home-generated/failure-number-debates-1600.webp","143206"
"assets/home-generated/help-hero-foundation-1600.webp","138432"
"assets/home-generated/help-outcome-faster-performance-1600.webp","136958"
"assets/home-generated/offerings-fractional-1600.webp","135600"
"assets/zz-1200.webp","135000"
"assets/home-generated/help-process-diagnose-1600.webp","134822"
"assets/home-generated/work-ongoing-optimization-1600.webp","133154"
"assets/insights/ai-enablement-trusted-business-data-1600.webp","131094"
"assets/home-generated/symptom-systems-scale-1200.webp","130472"
"assets/home-generated/failure-scale-breaks-1200.webp","129466"
"assets/home-generated/offerings-decision-reset-1600.webp","129126"
"assets/home-generated/fractional-leadership-v2-1600.webp","124730"
"assets/home-generated/help-situation-scale-foundation-1200.webp","124518"
"assets/home-generated/failure-duplicate-logic-1200.webp","122518"
"assets/home-generated/help-process-design-1600.webp","122234"
"assets/home-generated/help-situation-senior-judgment-1600.webp","121428"
"assets/home-generated/lab-operational-risk-1600.webp","120522"
"assets/home-generated/reset-sample-artifact-1600.webp","118484"
"assets/home-generated/assessment-routing-path-1600.webp","116590"
"assets/home-generated/fractional-analytics-hero-1200.webp","111412"
"assets/home-generated/help-situation-dashboard-trust-1600.webp","109906"
"assets/home-generated/work-empower-team-1600.webp","109756"
"assets/home-generated/fractional-cadence-v2-1600.webp","109312"
"assets/home-generated/diagnostic-structural-balance-1200.webp","108824"
"assets/home-generated/lab-governance-rls-1200.webp","107984"
"assets/home-generated/help-outcome-fewer-reports-1600.webp","107506"
"assets/about-systems-data-model-scale-1200.webp","105592"
"assets/insights/dashboards-to-predictive-risk-intelligence-1600.webp","105072"
"assets/home-generated/work-health-check-1200.webp","104302"
"assets/home-generated/assessment-decision-clarity-1200.webp","103948"
"assets/home-generated/failure-definition-drift-1600.webp","103272"
"assets/insights/weekly-business-review-1600.webp","103124"
"assets/home-generated/help-foundation-to-intelligence-advanced-1200.webp","103012"
"assets/insights/why-executive-dashboards-fail-1600.webp","102972"
"assets/home-generated/help-situation-bottleneck-1600.webp","101412"
"assets/home-generated/lab-hero-intelligence-1600.webp","100812"
"assets/insights/executive-dashboards-accountability-1600.webp","100580"
"assets/home-generated/failure-source-of-truth-1200.webp","100446"
"assets/home-generated/help-process-build-guide-1200.webp","100394"
"assets/home-generated/work-clear-results-1600.webp","99612"
"assets/home-generated/quote-ownership-definitions-1600.webp","98320"
"assets/home-generated/reset-ownership-v2-1200.webp","97942"
"assets/insights/reporting-environment-breaking-down-1600.webp","96902"
"assets/home-generated/failure-number-debates-1200.webp","96272"
"assets/insights/metric-ownership-question-1600.webp","95518"
"assets/insights/single-source-truth-myth-1600.webp","94742"
"assets/insights/data-teams-earn-trust-1600.webp","94660"
"assets/home-generated/fractional-stewardship-v2-1200.webp","94592"
"assets/home-generated/help-outcome-clearer-answers-1600.webp","94588"
"assets/about-systems-dashboard-sprawl-1200.webp","93736"
"assets/home-generated/reset-metric-mapping-v2-1200.webp","92752"
"assets/home-generated/symptom-decisions-slow-1200.webp","92566"
"assets/insights/metrics-people-actually-use-1600.webp","91818"
"assets/home-generated/assessment-trust-map-1200.webp","91538"
"assets/insights/prepare-reporting-environment-for-ai-1600.webp","91254"
"assets/home-generated/help-outcome-faster-performance-1200.webp","90474"
"assets/home-generated/help-hero-foundation-1200.webp","89562"
"assets/insights/ai-enablement-trusted-business-data-1200.webp","89432"
"assets/home-generated/offerings-fractional-1200.webp","89324"
"assets/home-generated/help-process-diagnose-1200.webp","89282"
"assets/home-generated/lab-customer-health-1600.webp","87896"
"assets/insights/kpi-governance-growing-organizations-1600.webp","87818"
"assets/home-generated/work-ongoing-optimization-1200.webp","87050"
"assets/home-generated/fractional-maintenance-v2-1200.webp","86776"
"assets/insights/executive-teams-argue-about-numbers-1600.webp","86706"
"assets/home-generated/assessment-hero-foundation-1600.webp","85792"
"assets/insights/analytics-maturity-roadmap-1600.webp","85430"
"assets/about-pov-structure-1200.webp","85400"
"assets/home-generated/quote-useful-metrics-1600.webp","85314"
"assets/z-1200.webp","84988"
"assets/home-generated/diagnostic-owner-drift-1200.webp","84860"
"assets/home-generated/offerings-decision-reset-1200.webp","84186"
"assets/about-why-foundation-shift-1200.webp","83950"
"assets/insights/reporting-vs-decision-making-1600.webp","83910"
"assets/home-generated/reset-decision-inventory-v2-1200.webp","83478"
"assets/insights/dashboard-leadership-problem-1600.webp","83336"
"assets/insights/kpi-ownership-framework-1600.webp","83110"
"assets/home-generated/help-process-design-1200.webp","81622"
"assets/insights/analytics-function-without-full-team-1600.webp","81536"
"assets/about-systems-automate-reporting-1200.webp","81516"
"assets/insights/ai-analytics-operations-1600.webp","81464"
"assets/home-generated/fractional-leadership-v2-1200.webp","80854"
"assets/home-generated/help-situation-senior-judgment-1200.webp","80550"
"assets/insights/fractional-analytics-leadership-1600.webp","80102"
"assets/insights/operations-intelligence-digest-leadership-1600.webp","79580"
"assets/home-generated/offerings-hero-1200.webp","79534"
"assets/home-generated/quote-leadership-decisions-1600.webp","79248"
"assets/home-generated/reset-sample-artifact-1200.webp","78282"
"assets/home-generated/failure-conflicting-numbers-1200.webp","78220"
"assets/home-generated/quote-trust-restored-1600.webp","77746"
"assets/home-generated/help-outcome-renewed-confidence-1600.webp","77746"
"assets/home-generated/lab-operational-risk-1200.webp","77476"
"assets/home-generated/assessment-routing-path-1200.webp","77044"
"assets/home-generated/work-empower-team-1200.webp","76802"
"assets/home-generated/fractional-reliability-v2-1200.webp","76260"
"assets/insights/reporting-misalignment-cost-1600.webp","76190"
"assets/insights/hire-head-of-analytics-1600.webp","76114"
"assets/insights/governance-rls-architecture-business-issue-1600.webp","75842"
"assets/zz-768.webp","75724"
"assets/new2-768.webp","74976"
"assets/home-generated/help-situation-dashboard-trust-1200.webp","74340"
"assets/home-generated/fractional-cadence-v2-1200.webp","74188"
"assets/insights/why-executive-dashboards-fail-1200.webp","73316"
"assets/Jonah-768.webp","73206"
"assets/home-generated/offerings-health-check-1200.webp","73046"
"assets/about-pov-definitions-1200.webp","72344"
"assets/insights/dashboards-to-predictive-risk-intelligence-1200.webp","72320"
"assets/insights/executive-dashboards-accountability-1200.webp","72266"
"assets/home-generated/help-outcome-fewer-reports-1200.webp","72204"
"assets/home-generated/symptom-business-logic-everywhere-1200.webp","71922"
"assets/insights/weekly-business-review-1200.webp","71638"
"assets/home-generated/help-outcome-intelligence-lab-enablement-1600.webp","71440"
"assets/home-generated/symptom-confidence-erodes-1200.webp","70682"
"assets/about-pov-ownership-1200.webp","68922"
"assets/home-generated/reset-trigger-action-v2-1200.webp","68356"
"assets/home-generated/help-situation-bottleneck-1200.webp","68012"
"assets/home-generated/work-clear-results-1200.webp","67898"
"assets/insights/reporting-environment-breaking-down-1200.webp","67848"
"assets/insights/data-teams-earn-trust-1200.webp","67610"
"assets/insights/metrics-people-actually-use-1200.webp","67244"
"assets/insights/single-source-truth-myth-1200.webp","66764"
"assets/home-generated/lab-hero-intelligence-1200.webp","66088"
"assets/home-generated/failure-definition-drift-1200.webp","66080"
"assets/home-generated/quote-ownership-definitions-1200.webp","65998"
"assets/insights/metric-ownership-question-1200.webp","65884"
"assets/home-generated/reset-cadence-v2-1200.webp","65562"
"assets/home-generated/symptom-metrics-shared-meaning-1200.webp","65376"
"assets/insights/prepare-reporting-environment-for-ai-1200.webp","63448"
"assets/home-generated/help-outcome-clearer-answers-1200.webp","62802"
"assets/insights/kpi-governance-growing-organizations-1200.webp","62328"
"assets/insights/executive-teams-argue-about-numbers-1200.webp","61372"
"assets/home-generated/offerings-fit-check-1600.webp","60894"
"assets/home-generated/failure-scale-breaks-768.webp","59394"
"assets/home-generated/failure-duplicate-logic-768.webp","59220"
"assets/insights/reporting-vs-decision-making-1200.webp","58302"
"assets/insights/analytics-maturity-roadmap-1200.webp","58300"
"assets/insights/operations-intelligence-digest-leadership-1200.webp","58234"
"assets/home-generated/symptom-systems-scale-768.webp","58004"
"assets/home-generated/quote-useful-metrics-1200.webp","57822"
"assets/home-generated/lab-customer-health-1200.webp","57730"
"assets/insights/analytics-function-without-full-team-1200.webp","57726"
"assets/home-generated/assessment-hero-foundation-1200.webp","57398"
"assets/insights/dashboard-leadership-problem-1200.webp","57040"
"assets/insights/ai-analytics-operations-1200.webp","56962"
"assets/insights/fractional-analytics-leadership-1200.webp","56798"
"assets/home-generated/symptom-reports-wrong-questions-1200.webp","56774"
"assets/home-generated/help-situation-scale-foundation-768.webp","56326"
"assets/home-generated/fractional-analytics-hero-768.webp","56226"
"assets/insights/kpi-ownership-framework-1200.webp","55994"
"assets/home-generated/quote-leadership-decisions-1200.webp","55358"
"assets/insights/executive-reporting-drives-action-1600.webp","55270"
"assets/insights/reporting-misalignment-cost-1200.webp","54012"
"assets/insights/hire-head-of-analytics-1200.webp","53956"
"assets/home-generated/quote-trust-restored-1200.webp","53566"
"assets/home-generated/help-outcome-renewed-confidence-1200.webp","53566"
"assets/about-systems-data-model-scale-768.webp","52496"
"assets/home-generated/lab-governance-rls-768.webp","51938"
"assets/home-generated/assessment-decision-clarity-768.webp","51928"
"assets/home-generated/work-health-check-768.webp","51922"
"assets/insights/governance-rls-architecture-business-issue-1200.webp","51812"
"assets/home-generated/diagnostic-structural-balance-768.webp","51162"
"assets/insights/dashboard-trust-breakdown-1600.webp","50468"
"assets/about-founder-cube-glow-1200.webp","50146"
"assets/z-768.webp","49388"
"assets/home-generated/help-outcome-intelligence-lab-enablement-1200.webp","47704"
"assets/home-generated/help-foundation-to-intelligence-advanced-768.webp","47376"
"assets/home-generated/failure-source-of-truth-768.webp","47052"
"assets/home-generated/failure-number-debates-768.webp","46426"
"assets/about-systems-dashboard-sprawl-768.webp","46400"
"assets/home-generated/assessment-trust-map-768.webp","45860"
"assets/home-generated/diagnostic-owner-drift-768.webp","45746"
"assets/home-generated/help-process-build-guide-768.webp","45232"
"assets/insights/ai-enablement-trusted-business-data-768.webp","45170"
"assets/home-generated/reset-ownership-v2-768.webp","44618"
"assets/home-generated/symptom-decisions-slow-768.webp","44144"
"assets/home-generated/fractional-stewardship-v2-768.webp","43894"
"assets/home-generated/offerings-fractional-768.webp","43818"
"assets/home-generated/help-outcome-faster-performance-768.webp","43484"
"assets/home-generated/reset-metric-mapping-v2-768.webp","43458"
"assets/about-systems-automate-reporting-768.webp","43408"
"assets/home-generated/help-hero-foundation-768.webp","42742"
"assets/home-generated/help-process-diagnose-768.webp","42310"
"assets/about-why-foundation-shift-768.webp","41874"
"assets/home-generated/fractional-maintenance-v2-768.webp","41872"
"assets/insights/why-executive-dashboards-fail-768.webp","41594"
"assets/home-generated/offerings-hero-768.webp","41386"
"assets/home-generated/work-empower-team-768.webp","41222"
"assets/insights/executive-dashboards-accountability-768.webp","41048"
"assets/home-generated/reset-decision-inventory-v2-768.webp","40864"
"assets/home-generated/offerings-fit-check-1200.webp","40614"
"assets/home-generated/work-ongoing-optimization-768.webp","40432"
"assets/about-pov-structure-768.webp","40210"
"assets/home-generated/offerings-decision-reset-768.webp","39970"
"assets/home-generated/help-process-design-768.webp","39906"
"assets/home-generated/reset-sample-artifact-768.webp","39404"
"assets/insights/executive-reporting-drives-action-1200.webp","39170"
"assets/home-generated/failure-conflicting-numbers-768.webp","38594"
"assets/insights/metrics-people-actually-use-768.webp","38508"
"assets/about-pov-definitions-768.webp","38444"
"assets/home-generated/help-situation-senior-judgment-768.webp","38404"
"assets/insights/data-teams-earn-trust-768.webp","38378"
"assets/home-generated/fractional-leadership-v2-768.webp","38372"
"assets/insights/single-source-truth-myth-768.webp","38364"
"assets/insights/weekly-business-review-768.webp","38278"
"assets/zz-480.webp","38108"
"assets/insights/dashboards-to-predictive-risk-intelligence-768.webp","37656"
"assets/insights/reporting-environment-breaking-down-768.webp","37466"
"assets/home-generated/symptom-confidence-erodes-768.webp","37164"
"assets/home-generated/symptom-business-logic-everywhere-768.webp","37126"
"assets/home-generated/assessment-routing-path-768.webp","37032"
"assets/social-preview-768.webp","37022"
"assets/home-generated/help-situation-dashboard-trust-768.webp","36774"
"assets/about-pov-ownership-768.webp","36260"
"assets/home-generated/fractional-reliability-v2-768.webp","36080"
"assets/home-generated/fractional-cadence-v2-768.webp","36000"
"assets/insights/metric-ownership-question-768.webp","35556"
"assets/insights/prepare-reporting-environment-for-ai-768.webp","35332"
"assets/home-generated/help-outcome-fewer-reports-768.webp","35202"
"assets/insights/dashboard-trust-breakdown-1200.webp","35122"
"assets/insights/executive-teams-argue-about-numbers-768.webp","34944"
"assets/home-generated/work-clear-results-768.webp","34762"
"assets/home-generated/offerings-health-check-768.webp","34604"
"assets/home-generated/help-situation-bottleneck-768.webp","34360"
"assets/insights/operations-intelligence-digest-leadership-768.webp","34356"
"assets/home-generated/lab-operational-risk-768.webp","34336"
"assets/insights/kpi-governance-growing-organizations-768.webp","34048"
"assets/home-generated/quote-ownership-definitions-768.webp","34032"
"assets/home-generated/symptom-metrics-shared-meaning-768.webp","33486"
"assets/new2-480.webp","33288"
"assets/home-generated/reset-trigger-action-v2-768.webp","33050"
"assets/insights/fractional-analytics-leadership-768.webp","32902"
"assets/home-generated/reset-cadence-v2-768.webp","32634"
"assets/home-generated/lab-hero-intelligence-768.webp","32244"
"assets/insights/analytics-function-without-full-team-768.webp","32150"
"assets/insights/reporting-vs-decision-making-768.webp","31482"
"assets/insights/analytics-maturity-roadmap-768.webp","31298"
"assets/insights/dashboard-leadership-problem-768.webp","31202"
"assets/insights/hire-head-of-analytics-768.webp","30444"
"assets/insights/reporting-misalignment-cost-768.webp","30222"
"assets/insights/ai-analytics-operations-768.webp","29990"
"assets/Jonah-480.webp","29966"
"assets/home-generated/failure-definition-drift-768.webp","29506"
"assets/insights/kpi-ownership-framework-768.webp","29374"
"assets/home-generated/help-outcome-clearer-answers-768.webp","29250"
"assets/home-generated/symptom-reports-wrong-questions-768.webp","28870"
"assets/home-generated/assessment-hero-foundation-768.webp","28638"
"assets/home-generated/quote-useful-metrics-768.webp","28520"
"assets/home-generated/quote-trust-restored-768.webp","28356"
"assets/home-generated/help-outcome-renewed-confidence-768.webp","28356"
"assets/home-generated/quote-leadership-decisions-768.webp","27776"
"assets/insights/governance-rls-architecture-business-issue-768.webp","27768"
"assets/z-480.webp","26896"
"assets/about-founder-cube-glow-768.webp","26466"
"assets/home-generated/fractional-analytics-hero-480.webp","26302"
"assets/home-generated/failure-duplicate-logic-480.webp","26266"
"assets/home-generated/lab-customer-health-768.webp","25360"
"assets/about-systems-data-model-scale-480.webp","24980"
"assets/home-generated/failure-scale-breaks-480.webp","24262"
"assets/home-generated/help-outcome-intelligence-lab-enablement-768.webp","23964"
"assets/home-generated/assessment-decision-clarity-480.webp","23934"
"assets/home-generated/work-health-check-480.webp","23578"
"assets/home-generated/symptom-systems-scale-480.webp","23138"
"assets/insights/executive-reporting-drives-action-768.webp","22886"
"assets/home-generated/diagnostic-owner-drift-480.webp","22704"
"assets/insights/executive-dashboards-accountability-480.webp","22568"
"assets/home-generated/help-situation-scale-foundation-480.webp","22514"
"assets/home-generated/lab-governance-rls-480.webp","22304"
"assets/insights/why-executive-dashboards-fail-480.webp","21916"
"assets/home-generated/diagnostic-structural-balance-480.webp","21822"
"assets/insights/ai-enablement-trusted-business-data-480.webp","21560"
"assets/home-generated/offerings-fit-check-768.webp","21526"
"assets/home-generated/assessment-trust-map-480.webp","21400"
"assets/insights/data-teams-earn-trust-480.webp","21322"
"assets/about-systems-dashboard-sprawl-480.webp","21258"
"assets/home-generated/failure-number-debates-480.webp","21174"
"assets/insights/metrics-people-actually-use-480.webp","21046"
"assets/about-systems-automate-reporting-480.webp","20816"
"assets/home-generated/work-empower-team-480.webp","20734"
"assets/insights/single-source-truth-myth-480.webp","20536"
"assets/insights/weekly-business-review-480.webp","20284"
"assets/insights/dashboard-trust-breakdown-768.webp","20054"
"assets/home-generated/help-foundation-to-intelligence-advanced-480.webp","19914"
"assets/home-generated/offerings-fractional-480.webp","19752"
"assets/home-generated/fractional-stewardship-v2-480.webp","19682"
"assets/home-generated/failure-source-of-truth-480.webp","19670"
"assets/insights/operations-intelligence-digest-leadership-480.webp","19532"
"assets/parallax_data_lab_original_transparent-480.webp","19472"
"assets/insights/executive-teams-argue-about-numbers-480.webp","19416"
"assets/insights/reporting-environment-breaking-down-480.webp","19368"
"assets/home-generated/help-outcome-faster-performance-480.webp","19368"
"assets/home-generated/help-process-build-guide-480.webp","19152"
"assets/social-preview-480.webp","19076"
"assets/home-generated/reset-ownership-v2-480.webp","18920"
"assets/home-generated/reset-metric-mapping-v2-480.webp","18854"
"assets/home-generated/fractional-maintenance-v2-480.webp","18852"
"assets/home-generated/offerings-hero-480.webp","18844"
"assets/home-generated/symptom-decisions-slow-480.webp","18762"
"assets/about-pov-definitions-480.webp","18716"
"assets/insights/dashboards-to-predictive-risk-intelligence-480.webp","18700"
"assets/parallax-customer-intelligence-hero-1600.webp","18676"
"assets/home-generated/help-hero-foundation-480.webp","18576"
"assets/insights/fractional-analytics-leadership-480.webp","18570"
"assets/home-generated/reset-decision-inventory-v2-480.webp","18558"
"assets/home-generated/help-process-diagnose-480.webp","18532"
"assets/insights/metric-ownership-question-480.webp","18492"
"assets/about-why-foundation-shift-480.webp","18458"
"assets/home-generated/symptom-confidence-erodes-480.webp","18414"
"assets/home-generated/symptom-business-logic-everywhere-480.webp","18262"
"assets/about-pov-ownership-480.webp","18220"
"assets/about-pov-structure-480.webp","18210"
"assets/insights/prepare-reporting-environment-for-ai-480.webp","18098"
"assets/insights/kpi-governance-growing-organizations-480.webp","18030"
"assets/home-generated/help-process-design-480.webp","17890"
"assets/home-generated/failure-conflicting-numbers-480.webp","17878"
"assets/insights/analytics-function-without-full-team-480.webp","17836"
"assets/home-generated/reset-sample-artifact-480.webp","17828"
"assets/home-generated/fractional-leadership-v2-480.webp","17480"
"assets/home-generated/work-ongoing-optimization-480.webp","17248"
"assets/home-generated/help-situation-senior-judgment-480.webp","17168"
"assets/home-generated/offerings-decision-reset-480.webp","16988"
"assets/home-generated/work-clear-results-480.webp","16782"
"assets/insights/dashboard-leadership-problem-480.webp","16734"
"assets/home-generated/assessment-routing-path-480.webp","16618"
"assets/home-generated/fractional-cadence-v2-480.webp","16404"
"assets/insights/reporting-misalignment-cost-480.webp","16374"
"assets/home-generated/help-situation-dashboard-trust-480.webp","16364"
"assets/insights/reporting-vs-decision-making-480.webp","16234"
"assets/home-generated/quote-ownership-definitions-480.webp","16202"
"assets/home-generated/fractional-reliability-v2-480.webp","16162"
"assets/insights/analytics-maturity-roadmap-480.webp","16008"
"assets/home-generated/symptom-metrics-shared-meaning-480.webp","15960"
"assets/home-generated/help-outcome-fewer-reports-480.webp","15924"
"assets/insights/hire-head-of-analytics-480.webp","15838"
"assets/zzz-480.webp","15718"
"assets/home-generated/help-situation-bottleneck-480.webp","15674"
"assets/insights/ai-analytics-operations-480.webp","15482"
"assets/home-generated/offerings-health-check-480.webp","15012"
"assets/home-generated/reset-cadence-v2-480.webp","14792"
"assets/home-generated/reset-trigger-action-v2-480.webp","14536"
"assets/home-generated/lab-operational-risk-480.webp","14502"
"assets/home-generated/lab-hero-intelligence-480.webp","14296"
"assets/insights/kpi-ownership-framework-480.webp","14268"
"assets/home-generated/help-outcome-renewed-confidence-480.webp","13984"
"assets/home-generated/quote-trust-restored-480.webp","13984"
"assets/insights/governance-rls-architecture-business-issue-480.webp","13862"
"assets/home-generated/symptom-reports-wrong-questions-480.webp","13738"
"assets/parallax-customer-intelligence-hero-1200.webp","13698"
"assets/home-generated/help-outcome-clearer-answers-480.webp","13190"
"assets/home-generated/assessment-hero-foundation-480.webp","13080"
"assets/about-founder-cube-glow-480.webp","12692"
"assets/home-generated/quote-leadership-decisions-480.webp","12672"
"assets/insights/executive-reporting-drives-action-480.webp","12618"
"assets/home-generated/failure-definition-drift-480.webp","12468"
"assets/home-generated/quote-useful-metrics-480.webp","12382"
"assets/home-generated/help-outcome-intelligence-lab-enablement-480.webp","11474"
"assets/insights/dashboard-trust-breakdown-480.webp","11300"
"assets/home-generated/offerings-fit-check-480.webp","10738"
"assets/home-generated/lab-customer-health-480.webp","10158"
"assets/parallax-customer-intelligence-hero-768.webp","8074"
"assets/fractional-hero-terrain-480.webp","4018"
"assets/parallax-customer-intelligence-hero-480.webp","4016"
